"0","323","384","411","198","8","in_cart"
"1","234","273","955","826","8","save_for_later"
"2","337","526","45","822","18","save_for_later"
"3","177","849","422","736","34","in_cart"
"4","308","540","528","168","4","save_for_later"
"5","352","922","844","75","7","save_for_later"
"6","217","556","246","362","17","in_cart"
"7","565","870","6","593","3","in_cart"
"8","542","120","124","74","1","save_for_later"
"9","348","822","683","110","3","in_cart"
"10","389","808","143","777","4","save_for_later"
"11","196","659","861","234","11","save_for_later"
"12","824","833","63","84","2","in_cart"
"13","474","361","881","141","8","in_cart"
"14","382","807","368","599","4","in_cart"
"15","942","16","612","250","0","in_cart"
"16","874","8","364","302","11","in_cart"
"17","3","691","558","642","31","in_cart"
"18","161","884","269","448","0","save_for_later"
"19","590","748","803","339","4","in_cart"
"20","796","184","504","805","9","save_for_later"
"21","396","678","69","781","19","in_cart"
"22","541","569","265","533","10","in_cart"
"23","634","912","479","113","0","save_for_later"
"24","168","276","130","668","0","in_cart"
"25","125","96","491","792","26","save_for_later"
"26","760","896","615","390","3","save_for_later"
"27","991","916","33","414","18","in_cart"
"28","448","395","232","202","8","in_cart"
"29","405","636","423","419","5","in_cart"
"30","535","337","287","815","20","in_cart"
"31","86","600","146","351","6","in_cart"
"32","307","699","670","362","33","save_for_later"
"33","731","418","59","883","19","save_for_later"
"34","862","807","368","599","7","in_cart"
"35","886","686","217","370","18","in_cart"
"36","374","814","209","300","1","save_for_later"
"37","360","406","225","44","27","save_for_later"
"38","38","808","143","777","13","in_cart"
"39","449","896","542","418","28","in_cart"
"40","652","126","521","479","25","save_for_later"
"41","171","360","257","193","18","in_cart"
"42","1","703","2","489","2","in_cart"
"43","795","147","350","560","5","in_cart"
"44","407","746","868","367","3","in_cart"
"45","474","165","152","84","1","save_for_later"
"46","288","144","247","619","31","save_for_later"
"47","862","35","360","193","0","in_cart"
"48","601","158","610","620","4","in_cart"
"49","615","396","980","623","17","in_cart"
"50","999","903","306","280","0","in_cart"
"51","69","393","873","452","27","in_cart"
"52","137","650","799","121","0","in_cart"
"53","869","650","804","707","32","save_for_later"
"54","878","249","838","463","14","save_for_later"
"55","847","152","78","618","26","save_for_later"
"56","161","398","786","528","37","save_for_later"
"57","754","116","821","296","5","in_cart"
"58","444","198","465","6","3","save_for_later"
"59","946","207","831","846","42","save_for_later"
"60","851","347","956","233","0","in_cart"
"61","405","304","307","69","0","in_cart"
"62","55","47","993","630","5","in_cart"
"63","451","644","771","291","1","in_cart"
"64","323","536","952","767","22","in_cart"
"65","627","127","878","503","4","in_cart"
"66","49","827","895","866","7","in_cart"
"67","24","134","4","64","1","in_cart"
"68","692","609","25","74","17","save_for_later"
"69","509","637","431","484","4","in_cart"
"70","200","665","196","782","20","in_cart"
"71","509","430","532","290","14","save_for_later"
"72","121","728","446","2","15","in_cart"
"73","918","150","817","881","0","in_cart"
"74","633","502","531","875","34","in_cart"
"75","652","430","439","451","11","in_cart"
"76","372","308","132","557","2","save_for_later"
"77","613","587","15","232","2","save_for_later"
"78","49","784","363","20","31","in_cart"
"79","798","611","248","679","2","in_cart"
"80","620","903","306","280","0","in_cart"
"81","131","258","801","95","21","save_for_later"
"82","736","430","532","290","3","save_for_later"
"83","320","721","145","449","5","save_for_later"
"84","565","261","154","81","3","save_for_later"
"85","20","715","664","179","2","in_cart"
"86","652","849","54","432","11","save_for_later"
"87","501","893","373","817","2","in_cart"
"88","196","477","375","326","9","save_for_later"
"89","744","47","993","630","7","save_for_later"
"90","374","519","433","534","14","in_cart"
"91","941","283","902","830","16","save_for_later"
"92","319","659","861","234","7","save_for_later"
"93","921","265","905","644","40","in_cart"
"94","244","959","961","126","2","save_for_later"
"95","673","375","244","242","13","in_cart"
"96","487","430","532","290","14","save_for_later"
"97","583","248","916","627","7","save_for_later"
"98","976","442","784","332","10","save_for_later"
"99","565","808","14","473","8","save_for_later"
"100","821","400","820","549","28","in_cart"
"101","208","288","685","336","8","in_cart"
"102","352","294","904","62","40","in_cart"
"103","658","27","751","141","23","save_for_later"
"104","606","769","657","518","5","in_cart"
"105","428","451","984","727","2","in_cart"
"106","358","270","292","36","25","save_for_later"
"107","962","283","902","830","26","in_cart"
"108","973","807","104","363","31","in_cart"
"109","49","671","501","423","4","in_cart"
"110","768","615","192","517","18","save_for_later"
"111","67","26","783","264","0","save_for_later"
"112","44","384","411","198","1","save_for_later"
"113","83","310","24","610","4","in_cart"
"114","686","419","811","807","12","save_for_later"
"115","814","395","232","202","12","save_for_later"
"116","361","954","782","571","12","in_cart"
"117","508","656","459","814","40","save_for_later"
"118","398","8","364","302","5","in_cart"
"119","869","925","135","99","24","in_cart"
"120","754","780","662","333","17","in_cart"
"121","494","653","748","177","1","save_for_later"
"122","843","549","695","531","7","in_cart"
"123","297","701","263","726","29","in_cart"
"124","296","719","167","376","13","in_cart"
"125","463","184","775","775","0","in_cart"
"126","385","472","530","275","0","in_cart"
"127","596","288","428","271","21","save_for_later"
"128","904","314","284","542","4","in_cart"
"129","844","637","431","484","12","in_cart"
"130","653","569","918","133","3","save_for_later"
"131","812","171","469","604","39","save_for_later"
"132","927","85","222","61","0","save_for_later"
"133","70","931","666","267","1","save_for_later"
"134","984","886","48","865","19","save_for_later"
"135","720","255","812","112","4","in_cart"
"136","452","198","465","6","19","save_for_later"
"137","134","650","804","707","12","in_cart"
"138","937","655","7","740","1","in_cart"
"139","682","399","540","284","17","save_for_later"
"140","103","320","547","869","0","save_for_later"
"141","267","290","151","829","44","save_for_later"
"142","718","255","812","112","1","save_for_later"
"143","110","136","235","869","20","in_cart"
"144","75","27","751","141","17","in_cart"
"145","114","85","222","61","7","in_cart"
"146","392","715","664","179","9","save_for_later"
"147","490","442","784","332","14","save_for_later"
"148","60","410","945","530","29","in_cart"
"149","688","870","6","593","37","save_for_later"
"150","697","383","534","332","17","save_for_later"
"151","185","304","725","806","1","save_for_later"
"152","929","320","547","869","0","in_cart"
"153","931","150","417","5","9","save_for_later"
"154","118","966","511","586","29","save_for_later"
"155","526","432","851","731","13","in_cart"
"156","179","771","249","859","0","in_cart"
"157","367","405","30","635","9","in_cart"
"158","548","60","381","683","31","save_for_later"
"159","702","472","954","544","2","save_for_later"
"160","359","43","776","284","8","save_for_later"
"161","327","658","655","328","6","in_cart"
"162","346","316","378","722","9","in_cart"
"163","491","916","870","2","0","save_for_later"
"164","120","870","261","198","5","save_for_later"
"165","33","372","707","614","8","in_cart"
"166","850","170","628","390","2","save_for_later"
"167","397","740","56","786","10","in_cart"
"168","277","16","66","62","3","in_cart"
"169","556","740","56","786","6","save_for_later"
"170","695","922","844","75","3","in_cart"
"171","843","553","365","404","4","in_cart"
"172","281","726","977","223","11","in_cart"
"173","638","26","625","465","7","save_for_later"
"174","8","553","365","404","11","in_cart"
"175","164","719","167","376","13","in_cart"
"176","576","230","472","826","4","in_cart"
"177","177","863","374","515","5","in_cart"
"178","605","560","898","305","3","save_for_later"
"179","129","949","774","197","3","save_for_later"
"180","66","929","545","429","33","in_cart"
"181","464","598","320","455","1","in_cart"
"182","474","279","399","703","8","in_cart"
"183","28","376","622","459","14","in_cart"
"184","263","386","220","481","31","in_cart"
"185","648","477","375","326","9","save_for_later"
"186","706","308","210","725","1","save_for_later"
"187","682","65","451","261","10","save_for_later"
"188","319","701","273","766","15","save_for_later"
"189","587","644","771","291","1","in_cart"
"190","19","353","340","255","1","in_cart"
"191","95","376","622","459","13","save_for_later"
"192","563","971","331","268","4","save_for_later"
"193","240","988","443","184","33","in_cart"
"194","885","890","97","516","28","in_cart"
"195","232","35","696","750","24","in_cart"
"196","650","483","473","475","5","save_for_later"
"197","287","248","916","627","1","save_for_later"
"198","961","477","375","326","8","save_for_later"
"199","782","925","135","99","7","in_cart"
"200","872","781","493","800","9","save_for_later"
"201","20","678","69","781","14","save_for_later"
"202","168","480","586","459","3","save_for_later"
"203","850","886","48","865","0","save_for_later"
"204","972","430","308","176","4","save_for_later"
"205","696","931","666","267","27","save_for_later"
"206","430","983","790","613","2","in_cart"
"207","946","288","685","336","17","save_for_later"
"208","275","329","254","529","1","save_for_later"
"209","416","988","833","294","1","in_cart"
"210","880","294","904","62","44","in_cart"
"211","122","518","635","454","39","save_for_later"
"212","378","199","460","354","4","save_for_later"
"213","554","549","695","531","2","save_for_later"
"214","580","455","410","155","10","save_for_later"
"215","597","8","364","302","12","save_for_later"
"216","105","377","616","254","31","save_for_later"
"217","356","297","366","487","11","in_cart"
"218","695","966","511","586","1","save_for_later"
"219","886","575","394","360","0","in_cart"
"220","864","93","301","904","15","in_cart"
"221","989","807","104","363","19","save_for_later"
"222","995","347","956","233","1","save_for_later"
"223","249","797","221","630","3","save_for_later"
"224","391","280","349","787","12","save_for_later"
"225","410","971","331","268","3","in_cart"
"226","790","134","371","327","6","save_for_later"
"227","56","19","461","178","0","save_for_later"
"228","820","553","557","677","5","in_cart"
"229","228","569","918","133","6","in_cart"
"230","804","550","195","690","8","save_for_later"
"231","38","158","653","412","21","in_cart"
"232","78","848","60","356","15","in_cart"
"233","875","150","417","5","1","in_cart"
"234","399","959","907","445","39","save_for_later"
"235","792","661","572","95","3","in_cart"
"236","298","74","497","370","18","save_for_later"
"237","267","58","750","638","8","save_for_later"
"238","252","283","902","830","30","in_cart"
"239","564","882","193","755","4","save_for_later"
"240","305","780","239","92","24","save_for_later"
"241","211","727","179","638","2","save_for_later"
"242","37","24","982","163","9","save_for_later"
"243","403","540","528","168","26","save_for_later"
"244","6","930","720","859","4","in_cart"
"245","592","869","226","495","23","in_cart"
"246","127","573","659","630","6","save_for_later"
"247","918","131","847","736","25","in_cart"
"248","186","465","607","375","32","in_cart"
"249","428","280","349","787","3","save_for_later"
"250","202","536","952","767","33","in_cart"
"251","410","650","747","587","6","save_for_later"
"252","99","226","294","743","40","save_for_later"
"253","673","167","510","903","13","in_cart"
"254","74","410","675","371","13","in_cart"
"255","987","671","606","461","4","save_for_later"
"256","725","931","666","267","40","save_for_later"
"257","212","658","95","664","28","save_for_later"
"258","800","650","747","587","19","in_cart"
"259","307","406","752","354","5","in_cart"
"260","864","830","843","133","5","in_cart"
"261","760","345","16","532","5","in_cart"
"262","716","479","805","570","4","save_for_later"
"263","309","479","262","16","2","save_for_later"
"264","798","134","371","327","5","save_for_later"
"265","644","926","73","756","1","in_cart"
"266","822","892","453","902","0","save_for_later"
"267","287","376","133","367","37","in_cart"
"268","745","308","611","622","9","in_cart"
"269","208","886","48","865","14","in_cart"
"270","814","448","356","905","35","save_for_later"
"271","713","959","907","445","8","save_for_later"
"272","983","863","374","515","14","in_cart"
"273","463","308","210","725","17","in_cart"
"274","876","377","79","593","46","save_for_later"
"275","365","480","586","459","41","in_cart"
"276","188","671","492","172","13","in_cart"
"277","601","896","652","539","1","in_cart"
"278","216","650","747","587","13","in_cart"
"279","212","116","821","296","18","save_for_later"
"280","115","622","702","387","20","in_cart"
"281","53","727","519","398","6","in_cart"
"282","55","230","729","323","1","in_cart"
"283","818","959","961","126","11","in_cart"
"284","102","919","258","328","10","save_for_later"
"285","67","776","313","418","10","save_for_later"
"286","786","724","336","672","30","save_for_later"
"287","472","1","119","470","0","save_for_later"
"288","175","954","785","419","0","in_cart"
"289","35","983","148","322","17","in_cart"
"290","688","170","826","397","18","in_cart"
"291","886","318","397","423","14","save_for_later"
"292","671","393","873","452","4","save_for_later"
"293","290","16","52","307","17","save_for_later"
"294","567","255","717","810","0","save_for_later"
"295","261","258","953","352","18","save_for_later"
"296","111","147","350","560","23","in_cart"
"297","940","903","272","401","23","in_cart"
"298","280","273","955","826","3","save_for_later"
"299","431","536","952","767","35","save_for_later"
"300","153","882","193","755","5","in_cart"
"301","233","925","971","181","3","save_for_later"
"302","212","961","329","777","28","save_for_later"
"303","909","372","707","614","3","in_cart"
"304","376","318","397","423","10","in_cart"
"305","129","377","1","723","9","in_cart"
"306","8","971","331","268","12","save_for_later"
"307","3","46","462","31","23","in_cart"
"308","822","248","260","66","5","in_cart"
"309","627","780","239","92","20","in_cart"
"310","993","922","844","75","5","save_for_later"
"311","215","466","886","310","5","in_cart"
"312","110","430","308","176","20","save_for_later"
"313","827","58","750","638","3","save_for_later"
"314","882","954","785","419","1","save_for_later"
"315","382","55","975","774","6","save_for_later"
"316","69","569","317","200","8","save_for_later"
"317","814","158","610","620","9","save_for_later"
"318","862","770","999","750","1","save_for_later"
"319","903","137","277","631","6","save_for_later"
"320","595","1","344","51","46","save_for_later"
"321","987","185","470","306","23","save_for_later"
"322","33","170","893","655","15","save_for_later"
"323","340","995","837","595","0","save_for_later"
"324","655","630","464","504","0","save_for_later"
"325","30","391","361","483","2","in_cart"
"326","913","912","479","113","2","in_cart"
"327","333","456","834","333","12","save_for_later"
"328","441","701","263","726","25","in_cart"
"329","274","144","247","619","35","save_for_later"
"330","210","310","24","610","6","save_for_later"
"331","803","412","348","834","29","in_cart"
"332","575","419","811","807","27","in_cart"
"333","640","930","720","859","10","in_cart"
"334","515","74","884","467","29","save_for_later"
"335","362","412","348","834","1","in_cart"
"336","590","556","246","362","26","save_for_later"
"337","646","864","401","568","1","save_for_later"
"338","305","808","143","777","26","save_for_later"
"339","255","600","146","351","1","in_cart"
"340","601","168","456","429","9","save_for_later"
"341","721","196","926","307","14","in_cart"
"342","930","658","95","664","36","in_cart"
"343","810","726","634","311","2","in_cart"
"344","903","26","783","264","10","in_cart"
"345","387","43","776","284","13","in_cart"
"346","385","134","216","621","3","in_cart"
"347","910","383","534","332","3","save_for_later"
"348","407","922","880","391","11","in_cart"
"349","34","935","166","510","3","in_cart"
"350","184","19","461","178","8","save_for_later"
"351","246","126","521","479","1","save_for_later"
"352","761","721","145","449","2","save_for_later"
"353","445","285","403","563","11","save_for_later"
"354","955","769","548","852","12","in_cart"
"355","192","432","851","731","32","save_for_later"
"356","852","310","536","880","7","save_for_later"
"357","922","807","368","599","1","save_for_later"
"358","895","410","945","530","5","save_for_later"
"359","340","54","194","64","19","in_cart"
"360","430","956","285","393","12","in_cart"
"361","890","54","194","64","10","in_cart"
"362","789","769","202","858","1","save_for_later"
"363","290","560","898","305","1","save_for_later"
"364","821","456","834","333","8","in_cart"
"365","647","291","564","158","8","save_for_later"
"366","312","724","336","672","20","save_for_later"
"367","127","66","595","260","2","save_for_later"
"368","719","750","102","371","15","save_for_later"
"369","352","798","704","871","22","in_cart"
"370","896","436","567","289","1","save_for_later"
"371","427","288","428","271","8","in_cart"
"372","378","546","979","795","10","in_cart"
"373","202","451","984","727","18","in_cart"
"374","796","654","161","440","20","save_for_later"
"375","661","923","882","35","3","save_for_later"
"376","11","931","991","470","9","save_for_later"
"377","720","65","451","261","12","save_for_later"
"378","573","798","704","871","31","save_for_later"
"379","684","740","56","786","11","save_for_later"
"380","105","360","257","193","15","in_cart"
"381","245","136","723","498","11","save_for_later"
"382","805","773","759","861","3","save_for_later"
"383","218","896","615","390","8","in_cart"
"384","85","655","7","740","12","save_for_later"
"385","590","848","60","356","12","save_for_later"
"386","945","785","454","127","5","save_for_later"
"387","237","931","666","267","6","in_cart"
"388","866","291","564","158","35","save_for_later"
"389","867","43","21","807","36","save_for_later"
"390","11","160","184","233","7","in_cart"
"391","93","748","803","339","13","save_for_later"
"392","492","165","152","84","2","save_for_later"
"393","590","593","680","263","2","save_for_later"
"394","553","779","43","86","6","in_cart"
"395","322","406","225","44","31","in_cart"
"396","442","651","983","254","3","in_cart"
"397","951","391","889","608","3","in_cart"
"398","97","47","318","559","0","in_cart"
"399","968","284","828","194","20","save_for_later"
"400","354","329","254","529","5","in_cart"
"401","647","412","348","834","31","in_cart"
"402","526","878","711","811","4","save_for_later"
"403","987","201","598","665","19","save_for_later"
"404","176","8","364","302","12","in_cart"
"405","962","988","442","738","18","in_cart"
"406","216","518","635","454","6","save_for_later"
"407","58","615","182","737","13","in_cart"
"408","237","167","510","903","0","in_cart"
"409","172","136","797","649","8","in_cart"
"410","256","488","813","896","32","save_for_later"
"411","896","345","16","532","2","in_cart"
"412","83","701","263","726","15","in_cart"
"413","9","971","599","900","0","in_cart"
"414","436","479","190","269","14","in_cart"
"415","710","409","53","385","1","in_cart"
"416","819","719","587","188","4","save_for_later"
"417","843","308","611","622","12","save_for_later"
"418","764","120","83","543","12","save_for_later"
"419","162","659","197","609","29","in_cart"
"420","161","345","16","532","10","save_for_later"
"421","402","983","148","322","12","save_for_later"
"422","596","701","263","726","27","in_cart"
"423","795","797","221","630","20","in_cart"
"424","733","344","390","619","17","save_for_later"
"425","921","707","185","874","1","save_for_later"
"426","470","318","397","423","29","save_for_later"
"427","612","297","366","487","6","in_cart"
"428","339","437","486","434","6","save_for_later"
"429","30","145","796","209","3","in_cart"
"430","646","998","452","114","5","in_cart"
"431","350","966","511","586","21","in_cart"
"432","822","934","761","154","1","save_for_later"
"433","368","228","529","810","3","save_for_later"
"434","588","158","778","783","10","save_for_later"
"435","564","217","337","417","0","in_cart"
"436","328","719","587","188","1","in_cart"
"437","958","352","703","53","6","save_for_later"
"438","65","740","810","50","5","save_for_later"
"439","336","383","758","542","5","save_for_later"
"440","865","515","963","454","3","save_for_later"
"441","139","636","423","419","4","save_for_later"
"442","291","309","383","834","2","in_cart"
"443","650","878","711","811","1","save_for_later"
"444","635","283","902","830","6","save_for_later"
"445","475","544","334","409","3","save_for_later"
"446","935","559","297","583","16","in_cart"
"447","359","6","485","705","26","in_cart"
"448","835","20","75","655","2","in_cart"
"449","476","621","507","99","40","in_cart"
"450","809","316","378","722","22","in_cart"
"451","602","988","443","184","40","save_for_later"
"452","557","11","173","117","8","in_cart"
"453","957","916","825","804","14","save_for_later"
"454","597","998","270","303","12","in_cart"
"455","570","165","936","595","10","in_cart"
"456","781","308","210","725","18","save_for_later"
"457","500","970","673","517","0","save_for_later"
"458","431","372","707","614","12","in_cart"
"459","375","630","464","504","13","save_for_later"
"460","872","1","119","470","16","save_for_later"
"461","546","226","692","610","32","save_for_later"
"462","420","593","251","740","5","in_cart"
"463","396","406","314","214","4","save_for_later"
"464","804","520","224","786","2","save_for_later"
"465","853","391","361","483","16","save_for_later"
"466","908","134","371","327","6","save_for_later"
"467","41","137","985","333","0","save_for_later"
"468","272","842","165","877","19","in_cart"
"469","634","441","495","390","0","save_for_later"
"470","542","561","663","418","3","in_cart"
"471","360","776","313","418","3","in_cart"
"472","324","400","992","881","13","save_for_later"
"473","14","900","275","587","48","in_cart"
"474","650","46","462","31","5","in_cart"
"475","128","615","192","517","6","save_for_later"
"476","451","65","451","261","17","save_for_later"
"477","933","386","802","517","7","in_cart"
"478","263","344","390","619","30","in_cart"
"479","170","361","881","141","4","save_for_later"
"480","150","813","563","472","13","save_for_later"
"481","465","733","103","84","20","save_for_later"
"482","279","659","948","69","2","save_for_later"
"483","364","656","480","664","12","in_cart"
"484","230","621","385","200","1","in_cart"
"485","646","448","356","905","18","save_for_later"
"486","526","419","811","807","14","save_for_later"
"487","619","650","187","175","18","save_for_later"
"488","196","884","269","448","6","in_cart"
"489","559","131","847","736","39","in_cart"
"490","870","650","747","587","8","in_cart"
"491","31","983","790","613","7","in_cart"
"492","285","690","768","495","30","save_for_later"
"493","733","653","748","177","0","save_for_later"
"494","247","978","164","96","12","save_for_later"
"495","625","277","608","620","15","in_cart"
"496","116","554","109","350","21","in_cart"
"497","279","377","140","198","7","save_for_later"
"498","817","593","680","263","12","in_cart"
"499","669","201","598","665","1","in_cart"
"500","777","406","445","430","14","in_cart"
"501","589","864","416","178","19","save_for_later"
"502","224","621","413","77","11","save_for_later"
"503","659","646","970","0","3","save_for_later"
"504","187","719","167","376","0","save_for_later"
"505","74","546","979","795","7","in_cart"
"506","516","925","971","181","6","save_for_later"
"507","869","896","652","539","34","save_for_later"
"508","583","916","33","414","24","save_for_later"
"509","769","126","44","893","13","in_cart"
"510","918","16","52","307","31","save_for_later"
"511","657","981","687","666","2","in_cart"
"512","440","320","547","869","7","save_for_later"
"513","711","136","235","869","7","in_cart"
"514","749","690","768","495","29","in_cart"
"515","6","285","483","126","0","save_for_later"
"516","961","922","880","391","3","save_for_later"
"517","316","96","491","792","10","in_cart"
"518","824","284","828","194","8","save_for_later"
"519","733","671","501","423","2","save_for_later"
"520","430","727","578","176","24","in_cart"
"521","940","346","477","544","7","save_for_later"
"522","739","990","852","730","37","in_cart"
"523","538","328","827","902","6","save_for_later"
"524","660","1","344","51","22","save_for_later"
"525","351","144","247","619","13","save_for_later"
"526","943","294","904","62","1","in_cart"
"527","701","344","390","619","32","in_cart"
"528","630","285","483","126","1","save_for_later"
"529","52","892","998","136","21","save_for_later"
"530","947","549","695","531","29","save_for_later"
"531","834","971","599","900","1","in_cart"
"532","493","399","540","284","15","save_for_later"
"533","916","126","521","479","5","in_cart"
"534","946","611","787","430","8","save_for_later"
"535","509","138","865","482","47","in_cart"
"536","544","353","276","164","4","in_cart"
"537","959","721","850","57","2","save_for_later"
"538","898","116","821","296","31","save_for_later"
"539","150","546","979","795","21","in_cart"
"540","801","297","366","487","14","save_for_later"
"541","45","990","852","730","19","save_for_later"
"542","788","318","397","423","28","in_cart"
"543","98","665","814","498","4","in_cart"
"544","728","336","949","764","0","save_for_later"
"545","38","137","277","631","6","in_cart"
"546","290","770","999","750","3","in_cart"
"547","182","138","746","216","1","in_cart"
"548","960","653","748","177","1","in_cart"
"549","834","166","644","835","1","save_for_later"
"550","343","410","675","371","2","save_for_later"
"551","247","781","493","800","0","save_for_later"
"552","197","690","768","495","9","save_for_later"
"553","817","569","265","533","3","in_cart"
"554","189","475","682","533","0","save_for_later"
"555","733","371","266","317","4","save_for_later"
"556","699","439","476","400","29","save_for_later"
"557","947","255","712","900","21","save_for_later"
"558","911","646","970","0","5","in_cart"
"559","149","285","403","563","5","in_cart"
"560","426","54","862","517","37","save_for_later"
"561","589","290","57","160","0","in_cart"
"562","147","217","315","537","8","in_cart"
"563","580","184","775","775","12","save_for_later"
"564","547","951","573","408","2","save_for_later"
"565","490","170","826","397","4","save_for_later"
"566","448","442","784","332","5","save_for_later"
"567","163","600","146","351","11","save_for_later"
"568","285","724","336","672","32","save_for_later"
"569","365","707","185","874","2","in_cart"
"570","538","55","975","774","6","in_cart"
"571","892","569","899","462","10","save_for_later"
"572","711","8","364","302","9","in_cart"
"573","246","144","247","619","11","in_cart"
"574","807","719","339","727","2","in_cart"
"575","763","384","515","203","39","save_for_later"
"576","328","780","239","92","8","save_for_later"
"577","399","684","395","721","28","save_for_later"
"578","229","166","644","835","1","in_cart"
"579","838","46","412","585","26","save_for_later"
"580","298","320","547","869","6","in_cart"
"581","669","863","374","515","25","in_cart"
"582","702","569","899","462","9","in_cart"
"583","491","184","888","211","1","in_cart"
"584","979","849","422","736","29","save_for_later"
"585","768","288","428","271","7","in_cart"
"586","338","74","497","370","7","save_for_later"
"587","617","160","184","233","12","save_for_later"
"588","376","316","378","722","4","save_for_later"
"589","827","771","249","859","4","save_for_later"
"590","358","827","739","368","3","save_for_later"
"591","251","903","306","280","6","in_cart"
"592","790","248","260","66","6","save_for_later"
"593","664","884","269","448","16","in_cart"
"594","196","127","878","503","24","in_cart"
"595","453","93","808","894","39","in_cart"
"596","723","134","4","64","3","save_for_later"
"597","612","412","348","834","25","save_for_later"
"598","571","830","843","133","11","in_cart"
"599","909","312","744","610","8","in_cart"
"600","155","337","287","815","6","save_for_later"
"601","71","798","704","871","5","in_cart"
"602","789","361","881","141","11","in_cart"
"603","606","6","485","705","31","in_cart"
"604","741","208","303","633","13","save_for_later"
"605","31","728","326","293","5","in_cart"
"606","685","406","445","430","29","save_for_later"
"607","817","727","969","277","12","in_cart"
"608","712","439","476","400","25","in_cart"
"609","721","611","248","679","8","in_cart"
"610","357","780","239","92","7","save_for_later"
"611","630","290","94","119","20","save_for_later"
"612","248","864","416","178","19","save_for_later"
"613","106","892","453","902","4","in_cart"
"614","832","798","579","706","4","in_cart"
"615","531","144","941","488","16","save_for_later"
"616","517","138","229","615","14","in_cart"
"617","35","66","595","260","6","in_cart"
"618","511","779","43","86","11","in_cart"
"619","400","954","782","571","8","save_for_later"
"620","474","451","984","727","16","save_for_later"
"621","31","294","904","62","16","save_for_later"
"622","773","602","619","600","5","in_cart"
"623","634","258","953","352","5","in_cart"
"624","931","724","336","672","5","save_for_later"
"625","82","740","56","786","10","in_cart"
"626","308","954","785","419","1","in_cart"
"627","148","842","937","77","3","in_cart"
"628","511","575","394","360","14","in_cart"
"629","62","866","252","178","2","in_cart"
"630","74","550","195","690","1","save_for_later"
"631","1","569","317","200","9","save_for_later"
"632","919","684","395","721","25","in_cart"
"633","171","858","444","469","6","in_cart"
"634","681","882","193","755","11","in_cart"
"635","32","480","586","459","34","in_cart"
"636","712","807","104","363","42","in_cart"
"637","157","903","306","280","15","save_for_later"
"638","263","951","228","788","1","save_for_later"
"639","521","728","446","2","27","in_cart"
"640","769","207","831","846","24","save_for_later"
"641","717","912","479","113","3","in_cart"
"642","355","892","565","373","9","in_cart"
"643","478","864","416","178","3","in_cart"
"644","262","410","675","371","11","save_for_later"
"645","187","667","732","145","29","save_for_later"
"646","721","329","447","426","40","save_for_later"
"647","170","7","117","254","18","in_cart"
"648","685","922","844","75","15","save_for_later"
"649","391","1","344","51","10","in_cart"
"650","658","896","615","390","0","save_for_later"
"651","553","442","784","332","3","save_for_later"
"652","517","284","253","651","10","in_cart"
"653","196","726","634","311","1","in_cart"
"654","0","733","22","379","34","save_for_later"
"655","45","239","922","166","20","in_cart"
"656","626","971","331","268","8","save_for_later"
"657","342","50","352","501","37","save_for_later"
"658","757","691","558","642","20","save_for_later"
"659","818","733","103","84","7","save_for_later"
"660","959","780","239","92","34","save_for_later"
"661","373","621","385","200","5","in_cart"
"662","491","603","846","522","10","in_cart"
"663","250","477","375","326","4","save_for_later"
"664","461","126","521","479","27","in_cart"
"665","467","8","364","302","2","save_for_later"
"666","359","16","612","250","3","in_cart"
"667","177","671","492","172","27","in_cart"
"668","472","966","511","586","1","save_for_later"
"669","924","667","732","145","21","save_for_later"
"670","964","383","758","542","0","save_for_later"
"671","766","255","717","810","9","save_for_later"
"672","464","726","603","58","17","save_for_later"
"673","921","721","18","198","46","save_for_later"
"674","646","184","888","211","0","save_for_later"
"675","531","256","183","737","16","save_for_later"
"676","863","472","172","545","4","in_cart"
"677","212","26","625","465","19","in_cart"
"678","352","353","912","665","0","in_cart"
"679","624","550","195","690","2","in_cart"
"680","25","773","759","861","0","save_for_later"
"681","102","903","149","302","26","in_cart"
"682","164","701","273","766","12","save_for_later"
"683","455","827","895","866","1","save_for_later"
"684","78","727","179","638","1","save_for_later"
"685","324","971","331","268","8","save_for_later"
"686","986","896","542","418","13","save_for_later"
"687","155","511","903","248","12","save_for_later"
"688","745","903","149","302","9","save_for_later"
"689","426","35","360","193","1","save_for_later"
"690","94","290","151","829","7","save_for_later"
"691","38","603","846","522","27","save_for_later"
"692","45","294","904","62","19","save_for_later"
"693","585","895","770","109","3","save_for_later"
"694","231","978","164","96","7","save_for_later"
"695","611","347","956","233","3","in_cart"
"696","929","308","525","581","26","in_cart"
"697","946","650","747","587","6","save_for_later"
"698","722","184","504","805","1","save_for_later"
"699","669","150","417","5","5","in_cart"
"700","593","502","531","875","1","save_for_later"
"701","418","230","472","826","13","in_cart"
"702","920","630","464","504","3","in_cart"
"703","281","593","251","740","7","save_for_later"
"704","30","916","825","804","1","save_for_later"
"705","170","727","519","398","20","save_for_later"
"706","755","172","157","158","5","in_cart"
"707","106","128","455","865","26","in_cart"
"708","836","172","157","158","36","save_for_later"
"709","960","255","20","618","5","in_cart"
"710","865","128","455","865","3","save_for_later"
"711","844","719","587","188","16","in_cart"
"712","598","728","326","293","4","save_for_later"
"713","225","719","339","727","0","save_for_later"
"714","18","892","565","373","18","save_for_later"
"715","963","598","320","455","18","in_cart"
"716","361","929","545","429","18","save_for_later"
"717","910","587","15","232","19","in_cart"
"718","426","126","885","824","3","save_for_later"
"719","29","456","834","333","6","save_for_later"
"720","696","138","735","311","4","in_cart"
"721","205","46","462","31","7","in_cart"
"722","472","954","785","419","0","save_for_later"
"723","173","7","117","254","21","in_cart"
"724","453","951","749","599","37","save_for_later"
"725","810","659","197","609","5","in_cart"
"726","423","430","308","176","45","save_for_later"
"727","651","598","320","455","2","in_cart"
"728","344","830","911","841","7","in_cart"
"729","561","650","650","72","17","in_cart"
"730","858","406","225","44","9","save_for_later"
"731","376","353","912","665","14","save_for_later"
"732","978","290","94","119","35","save_for_later"
"733","199","128","455","865","1","save_for_later"
"734","229","755","917","311","10","in_cart"
"735","804","85","222","61","5","in_cart"
"736","815","659","948","69","1","save_for_later"
"737","320","134","371","327","7","in_cart"
"738","356","807","368","599","5","save_for_later"
"739","847","611","248","679","12","in_cart"
"740","717","480","593","100","12","in_cart"
"741","904","46","159","7","1","in_cart"
"742","662","406","225","44","0","in_cart"
"743","287","929","545","429","35","in_cart"
"744","420","602","619","600","5","save_for_later"
"745","482","931","503","299","40","in_cart"
"746","333","951","333","256","1","in_cart"
"747","370","359","978","775","14","in_cart"
"748","13","273","129","663","8","save_for_later"
"749","690","136","8","67","34","save_for_later"
"750","437","916","870","2","24","save_for_later"
"751","36","750","981","98","3","in_cart"
"752","413","707","185","874","6","save_for_later"
"753","536","798","704","871","6","in_cart"
"754","424","549","695","531","29","save_for_later"
"755","493","475","671","33","2","save_for_later"
"756","872","678","69","781","33","save_for_later"
"757","258","769","864","95","49","in_cart"
"758","998","341","841","142","9","save_for_later"
"759","704","170","826","397","5","in_cart"
"760","801","931","666","267","1","save_for_later"
"761","185","870","6","593","35","in_cart"
"762","761","644","771","291","0","in_cart"
"763","587","406","225","44","21","in_cart"
"764","509","400","820","549","32","in_cart"
"765","497","681","516","326","12","in_cart"
"766","926","858","830","43","8","save_for_later"
"767","425","864","416","178","6","save_for_later"
"768","338","545","39","193","0","in_cart"
"769","185","290","94","119","42","in_cart"
"770","714","369","951","578","8","save_for_later"
"771","452","923","882","35","2","save_for_later"
"772","609","400","820","549","17","save_for_later"
"773","532","813","181","477","19","in_cart"
"774","138","678","69","781","32","save_for_later"
"775","965","346","477","544","1","save_for_later"
"776","5","896","542","418","3","save_for_later"
"777","788","304","855","201","23","in_cart"
"778","58","648","901","860","14","in_cart"
"779","843","701","74","428","34","in_cart"
"780","636","480","593","100","17","in_cart"
"781","797","781","493","800","22","save_for_later"
"782","261","419","811","807","0","in_cart"
"783","466","217","910","881","6","save_for_later"
"784","227","304","725","806","20","in_cart"
"785","512","671","606","461","14","save_for_later"
"786","890","864","401","568","13","save_for_later"
"787","561","488","813","896","9","save_for_later"
"788","707","974","929","111","0","save_for_later"
"789","686","750","102","371","5","in_cart"
"790","783","951","228","788","4","save_for_later"
"791","631","353","276","164","12","in_cart"
"792","332","400","820","549","37","in_cart"
"793","718","43","776","284","16","in_cart"
"794","84","201","598","665","9","save_for_later"
"795","761","998","452","114","7","in_cart"
"796","478","807","368","599","0","in_cart"
"797","429","600","146","351","9","in_cart"
"798","891","644","76","81","3","in_cart"
"799","409","727","578","176","24","save_for_later"
"800","863","327","708","219","18","save_for_later"
"801","437","196","114","666","14","save_for_later"
"802","500","486","571","468","16","in_cart"
"803","452","870","261","198","16","save_for_later"
"804","856","671","606","461","22","in_cart"
"805","335","371","266","317","5","in_cart"
"806","62","264","845","353","23","in_cart"
"807","860","990","745","627","35","in_cart"
"808","606","903","149","302","43","in_cart"
"809","479","158","778","783","5","in_cart"
"810","783","644","76","81","26","in_cart"
"811","435","185","710","88","12","in_cart"
"812","873","391","889","608","3","save_for_later"
"813","484","405","30","635","11","save_for_later"
"814","39","659","861","234","19","save_for_later"
"815","288","171","469","604","22","save_for_later"
"816","120","569","265","533","1","save_for_later"
"817","156","360","257","193","9","save_for_later"
"818","298","480","593","100","10","in_cart"
"819","575","929","545","429","29","in_cart"
"820","75","976","506","285","13","save_for_later"
"821","433","701","273","766","2","save_for_later"
"822","281","304","855","201","4","save_for_later"
"823","532","144","247","619","11","save_for_later"
"824","810","771","249","859","2","in_cart"
"825","637","43","807","652","11","in_cart"
"826","918","964","206","612","8","in_cart"
"827","997","830","911","841","25","in_cart"
"828","166","959","907","445","0","save_for_later"
"829","0","19","250","493","10","in_cart"
"830","803","621","385","200","2","save_for_later"
"831","713","830","415","557","5","in_cart"
"832","59","684","395","721","6","save_for_later"
"833","238","136","723","498","1","save_for_later"
"834","701","878","711","811","10","save_for_later"
"835","418","249","414","287","26","save_for_later"
"836","507","795","494","139","4","save_for_later"
"837","714","217","337","417","4","in_cart"
"838","592","456","834","333","10","save_for_later"
"839","60","395","232","202","10","save_for_later"
"840","670","280","349","787","18","save_for_later"
"841","163","83","328","376","6","save_for_later"
"842","258","308","525","581","7","save_for_later"
"843","696","475","671","33","16","save_for_later"
"844","603","896","542","418","10","save_for_later"
"845","616","168","667","54","20","in_cart"
"846","909","201","598","665","14","in_cart"
"847","67","430","500","557","1","in_cart"
"848","462","359","978","775","0","in_cart"
"849","712","750","102","371","16","save_for_later"
"850","824","903","272","401","38","save_for_later"
"851","537","412","716","582","22","in_cart"
"852","462","46","462","31","5","in_cart"
"853","771","721","850","57","2","in_cart"
"854","461","406","225","44","5","in_cart"
"855","219","870","261","198","17","in_cart"
"856","580","19","250","493","36","in_cart"
"857","674","959","907","445","15","save_for_later"
"858","854","780","239","92","6","in_cart"
"859","949","406","314","214","32","save_for_later"
"860","96","171","469","604","34","in_cart"
"861","163","377","616","254","27","save_for_later"
"862","71","336","949","764","7","in_cart"
"863","236","66","595","260","1","save_for_later"
"864","325","930","40","765","2","in_cart"
"865","180","870","261","198","19","save_for_later"
"866","107","122","300","297","7","save_for_later"
"867","360","781","493","800","7","save_for_later"
"868","145","74","884","467","4","in_cart"
"869","54","16","242","520","3","in_cart"
"870","673","590","144","335","2","save_for_later"
"871","532","26","625","465","15","save_for_later"
"872","600","138","865","482","12","in_cart"
"873","636","16","612","250","1","save_for_later"
"874","68","158","610","620","3","save_for_later"
"875","320","686","217","370","6","save_for_later"
"876","9","83","328","376","2","save_for_later"
"877","375","165","714","332","5","in_cart"
"878","860","198","465","6","14","in_cart"
"879","445","780","997","684","2","in_cart"
"880","266","667","732","145","9","save_for_later"
"881","902","479","190","269","10","save_for_later"
"882","890","773","128","24","16","save_for_later"
"883","179","931","503","299","18","save_for_later"
"884","290","519","100","233","14","save_for_later"
"885","459","24","982","163","2","in_cart"
"886","269","432","851","731","28","in_cart"
"887","965","168","456","429","8","in_cart"
"888","633","727","288","112","11","in_cart"
"889","227","726","634","311","5","in_cart"
"890","549","896","652","539","10","save_for_later"
"891","223","384","515","203","31","in_cart"
"892","283","872","290","601","7","save_for_later"
"893","143","65","451","261","2","save_for_later"
"894","848","569","918","133","2","in_cart"
"895","688","278","762","283","29","in_cart"
"896","225","19","250","493","5","save_for_later"
"897","532","134","4","64","1","in_cart"
"898","269","472","172","545","7","in_cart"
"899","433","916","33","414","38","save_for_later"
"900","413","515","559","701","13","in_cart"
"901","258","892","291","828","18","save_for_later"
"902","214","842","165","877","31","in_cart"
"903","188","353","276","164","15","save_for_later"
"904","936","393","873","452","41","save_for_later"
"905","496","243","90","789","3","in_cart"
"906","287","779","43","86","0","in_cart"
"907","289","922","844","75","20","save_for_later"
"908","948","96","491","792","3","save_for_later"
"909","446","170","628","390","3","in_cart"
"910","882","892","453","902","3","in_cart"
"911","577","929","641","172","25","in_cart"
"912","188","930","942","255","40","in_cart"
"913","57","573","617","350","33","in_cart"
"914","274","310","536","880","16","in_cart"
"915","252","956","285","393","26","save_for_later"
"916","498","886","176","669","5","save_for_later"
"917","762","320","213","414","21","in_cart"
"918","487","587","432","445","27","in_cart"
"919","477","158","653","412","5","save_for_later"
"920","765","258","801","95","33","save_for_later"
"921","267","436","567","289","13","in_cart"
"922","876","128","455","865","7","in_cart"
"923","591","903","272","401","33","in_cart"
"924","509","288","685","336","0","save_for_later"
"925","725","769","548","852","13","save_for_later"
"926","388","361","881","141","4","in_cart"
"927","886","341","841","142","9","in_cart"
"928","638","816","46","654","11","save_for_later"
"929","525","34","962","185","8","in_cart"
"930","646","43","807","652","10","save_for_later"
"931","96","60","381","683","39","save_for_later"
"932","611","544","334","409","3","in_cart"
"933","510","686","217","370","22","save_for_later"
"934","888","320","213","414","2","save_for_later"
"935","746","654","161","440","30","save_for_later"
"936","914","35","696","750","25","save_for_later"
"937","133","43","776","284","12","in_cart"
"938","940","396","874","108","2","save_for_later"
"939","296","726","634","311","9","in_cart"
"940","43","308","210","725","9","in_cart"
"941","732","19","461","178","4","in_cart"
"942","598","446","631","69","2","save_for_later"
"943","65","308","210","725","11","save_for_later"
"944","914","776","313","418","7","save_for_later"
"945","763","553","557","677","12","in_cart"
"946","251","308","611","622","1","save_for_later"
"947","559","93","301","904","13","save_for_later"
"948","371","144","247","619","24","in_cart"
"949","55","74","497","370","7","save_for_later"
"950","272","518","581","59","31","save_for_later"
"951","737","890","97","516","15","in_cart"
"952","748","721","145","449","2","in_cart"
"953","432","864","401","568","16","in_cart"
"954","72","931","666","267","40","in_cart"
"955","472","934","761","154","0","in_cart"
"956","502","165","714","332","11","save_for_later"
"957","751","254","630","602","26","save_for_later"
"958","962","308","525","581","29","in_cart"
"959","988","377","79","593","11","in_cart"
"960","433","981","687","666","15","save_for_later"
"961","169","345","16","532","4","save_for_later"
"962","674","371","203","704","13","in_cart"
"963","10","695","684","886","13","save_for_later"
"964","277","684","395","721","2","in_cart"
"965","720","746","868","367","9","save_for_later"
"966","112","441","734","462","27","save_for_later"
"967","961","43","21","807","33","save_for_later"
"968","138","120","83","543","1","in_cart"
"969","10","842","937","77","6","save_for_later"
"970","558","208","303","633","15","save_for_later"
"971","56","886","48","865","26","in_cart"
"972","405","436","567","289","9","save_for_later"
"973","420","611","787","430","2","save_for_later"
"974","820","201","598","665","1","save_for_later"
"975","40","515","559","701","12","save_for_later"
"976","73","707","185","874","2","in_cart"
"977","812","284","253","651","20","save_for_later"
"978","184","665","196","782","13","in_cart"
"979","976","890","481","696","2","in_cart"
"980","491","398","786","528","39","in_cart"
"981","16","410","478","9","17","save_for_later"
"982","828","16","475","748","36","save_for_later"
"983","231","249","838","463","21","save_for_later"
"984","283","160","184","233","13","in_cart"
"985","784","264","845","353","0","save_for_later"
"986","169","304","725","806","5","in_cart"
"987","824","412","348","834","0","save_for_later"
"988","236","951","333","256","2","in_cart"
"989","375","583","626","837","32","in_cart"
"990","198","661","623","81","19","in_cart"
"991","151","827","739","368","1","in_cart"
"992","895","11","173","117","8","save_for_later"
"993","223","614","402","493","34","in_cart"
"994","733","704","755","100","6","in_cart"
"995","315","721","145","449","5","save_for_later"
"996","452","85","222","61","3","save_for_later"
"997","409","722","798","114","1","save_for_later"
"998","116","966","661","827","4","in_cart"
"999","934","770","999","750","2","save_for_later"
